{
  "55.9533,-3.1883->54.9783,-1.6178": [[-3.188535, 55.953377], [-3.122654, 55.957481], [-3.09617, 55.933668], [-3.053733, 55.924388], [-2.959224, 55.952052], [-2.896461, 55.947122], [-2.629471, 55.987037], [-2.506345, 55.987819], [-2.36142, 55.939921], [-2.312739, 55.883049], [-2.234213, 55.857717], [-2.065325, 55.835413], [-2.016613, 55.786004], [-2.041511, 55.757013], [-1.818973, 55.604371], [-1.676799, 55.415465], [-1.726278, 55.361168], [-1.726025, 55.275394], [-1.701791, 55.251517], [-1.724764, 55.165874], [-1.678226, 55.135012], [-1.637101, 55.064177], [-1.628678, 55.034593], [-1.666656, 55.001369], [-1.617695, 54.97844]],
  "54.9783,-1.6178->53.4808,-2.2426": [[-1.617695, 54.97844], [-1.625376, 54.924232], [-1.561146, 54.903656], [-1.567106, 54.869273], [-1.524895, 54.841236], [-1.532523, 54.772574], [-1.498859, 54.664996], [-1.540995, 54.597339], [-1.667144, 54.466458], [-1.662291, 54.399201], [-1.521953, 54.268044], [-1.41459, 54.126047], [-1.36316, 53.990222], [-1.385507, 53.912507], [-1.348848, 53.870669], [-1.339529, 53.812071], [-1.416033, 53.799134], [-1.434444, 53.775733], [-1.507996, 53.759881], [-1.515491, 53.731798], [-1.713857, 53.74505], [-1.764662, 53.685979], [-1.89566, 53.644566], [-2.075, 53.624147], [-2.12761, 53.594868], [-2.19723, 53.581024], [-2.258954, 53.54976], [-2.236084, 53.540227], [-2.259571, 53.499232], [-2.242556, 53.480795]],
  "53.4808,-2.2426->52.4862,-1.8904": [[-2.242556, 53.480795], [-2.244365, 53.437204], [-2.297134, 53.361599], [-2.360034, 53.357704], [-2.386676, 53.366749], [-2.422283, 53.329691], [-2.395471, 53.289422], [-2.401318, 53.243246], [-2.386618, 53.198122], [-2.336741, 53.140313], [-2.343306, 53.091312], [-2.321392, 53.023607], [-2.329252, 53.008546], [-2.312661, 52.996011], [-2.255821, 52.988103], [-2.22779, 52.977537], [-2.213231, 52.933793], [-2.167696, 52.883609], [-2.15809, 52.845409], [-2.144822, 52.832682], [-2.155537, 52.816107], [-2.152552, 52.79741], [-2.121184, 52.780441], [-2.101894, 52.757374], [-2.1028, 52.68841], [-2.068801, 52.667199], [-2.049764, 52.631407], [-2.020946, 52.607286], [-2.009838, 52.569255], [-1.96744, 52.552053], [-1.925592, 52.552101], [-1.86472, 52.512571], [-1.884568, 52.501448], [-1.890226, 52.48628]],
  "52.4862,-1.8904->51.4816,-3.1791": [[-1.890226, 52.48628], [-1.90572, 52.480901], [-1.940133, 52.486418], [-1.97746, 52.467121], [-2.008175, 52.461327], [-2.02632, 52.413004], [-2.053284, 52.397562], [-2.046985, 52.377643], [-2.066593, 52.366253], [-2.086068, 52.327755], [-2.120286, 52.293623], [-2.122096, 52.27399], [-2.137074, 52.262742], [-2.135157, 52.23932], [-2.200788, 52.129323], [-2.178465, 52.0874], [-2.134536, 52.047166], [-2.199057, 52.029082], [-2.256102, 52.001301], [-2.391988, 51.992712], [-2.43089, 51.961789], [-2.485817, 51.932976], [-2.563169, 51.929784], [-2.61516, 51.911155], [-2.63666, 51.891462], [-2.631253, 51.868057], [-2.679216, 51.845138], [-2.690089, 51.82374], [-2.721203, 51.799965], [-2.827952, 51.771127], [-2.840945, 51.76186], [-2.842831, 51.732615], [-2.878866, 51.695858], [-2.881146, 51.6423], [-2.914628, 51.60773], [-2.956841, 51.594081], [-2.986195, 51.604816], [-3.028047, 51.592438], [-3.041223, 51.561045], [-3.103248, 51.53277], [-3.133175, 51.527074], [-3.144462, 51.493865], [-3.179139, 51.481611]],
  "51.4816,-3.1791->50.3755,-4.1427": [[-3.179139, 51.481611], [-3.144362, 51.494155], [-3.134337, 51.526516], [-3.046457, 51.557961], [-3.030119, 51.591291], [-2.987272, 51.604901], [-2.658807, 51.569971], [-2.637629, 51.545366], [-2.703542, 51.479949], [-2.83312, 51.436547], [-2.886578, 51.372676], [-2.885482, 51.310629], [-2.962942, 51.213277], [-2.98151, 51.161388], [-2.968987, 51.126492], [-3.034237, 51.041709], [-3.116079, 50.981742], [-3.196828, 50.971807], [-3.355432, 50.918272], [-3.390877, 50.83845], [-3.458487, 50.773982], [-3.474619, 50.694348], [-3.533805, 50.674095], [-3.615588, 50.589829], [-3.765929, 50.505565], [-3.804921, 50.42925], [-3.90361, 50.384758], [-4.059045, 50.376435], [-4.086698, 50.390689], [-4.115757, 50.369608], [-4.143094, 50.375764]],
  "50.3755,-4.1427->50.0657,-5.7132": [[-4.143094, 50.375764], [-4.130516, 50.387969], [-4.135397, 50.399933], [-4.176017, 50.411468], [-4.208594, 50.40867], [-4.228718, 50.418787], [-4.249886, 50.415077], [-4.282663, 50.425676], [-4.351501, 50.406786], [-4.433491, 50.430406], [-4.453377, 50.449911], [-4.481026, 50.450071], [-4.49635, 50.457666], [-4.615546, 50.457755], [-4.660884, 50.44857], [-4.675825, 50.459378], [-4.692199, 50.458434], [-4.712988, 50.441775], [-4.8099, 50.428969], [-4.840443, 50.418718], [-4.886378, 50.416606], [-4.932634, 50.381846], [-5.066553, 50.332456], [-5.09905, 50.305753], [-5.152813, 50.289277], [-5.201602, 50.252941], [-5.388713, 50.203829], [-5.402076, 50.183498], [-5.441878, 50.173697], [-5.490697, 50.134146], [-5.544832, 50.128935], [-5.558083, 50.112903], [-5.593479, 50.096464], [-5.672238, 50.086975], [-5.696523, 50.066785], [-5.713094, 50.065582]]
}
